Insert into ENUMERATORS (ID,ENUMERATOR,CODE,VALUE,DESCRIPTION) values (120,'time_zone','time_zone.Asia/Kuwait','Asia/Kuwait','Asia/Kuwait');
Insert into ENUMERATORS (ID,ENUMERATOR,CODE,VALUE,DESCRIPTION) values (121,'time_zone','time_zone.Asia/Riyadh','Asia/Riyadh','Asia/Riyadh');
Insert into ENUMERATORS (ID,ENUMERATOR,CODE,VALUE,DESCRIPTION) values (122,'time_zone','time_zone.Asia/Dubai','Asia/Dubai','Asia/Dubai');
Insert into ENUMERATORS (ID,ENUMERATOR,CODE,VALUE,DESCRIPTION) values (105,'log_balance','17','log.balance.bank.wire',null);

Insert into EXCHANGES (ID,NAME,HALF_DAY_CLOSE_TIME) values (16,'Kwait',null);
Insert into EXCHANGES (ID,NAME,HALF_DAY_CLOSE_TIME) values (17,'AbuDabi',null);
Insert into EXCHANGES (ID,NAME,HALF_DAY_CLOSE_TIME) values (18,'SaudiArabia',null);
Insert into EXCHANGES (ID,NAME,HALF_DAY_CLOSE_TIME) values (19,'EUR-JPY',null);
Insert into EXCHANGES (ID,NAME,HALF_DAY_CLOSE_TIME) values (20,'USD-CAD',null);
Insert into EXCHANGES (ID,NAME,HALF_DAY_CLOSE_TIME) values (21,'AUD-USD',null);
Insert into EXCHANGES (ID,NAME,HALF_DAY_CLOSE_TIME) values (22,'NZD-USD',null);

Insert into MARKETS (ID,NAME,DISPLAY_NAME,FEED_NAME,TIME_CREATED,WRITER_ID,DECIMAL_POINT,MARKET_GROUP_ID,EXCHANGE_ID,INVESTMENT_LIMITS_GROUP_ID,UPDATES_PAUSE,SIGNIFICANT_PERCENTAGE,REAL_UPDATES_PAUSE,REAL_SIGNIFICANT_PERCENTAGE,RANDOM_CEILING,RANDOM_FLOOR,FIRST_SHIFT_PARAMETER,AVERAGE_INVESTMENTS,PERCENTAGE_OF_AVG_INVESTMENTS,FIXED_AMOUNT_FOR_SHIFTING,TYPE_OF_SHIFTING,DISABLE_AFTER_PERIOD,CURENT_LEVEL_ALERT_PERC,IS_SUSPENDED,SUSPENDED_MESSAGE,ACCEPTABLE_LEVEL_DEVIATION,IS_HAS_FUTURE_AGREEMENT,IS_NEXT_AGREEMENT_SAME_DAY,BANNERS_PRIORITY) values (248,'Tadawul FF','markets.TadawulFF','.TASI',to_timestamp('01/10/2008 16:07:39','DD/MM/YYYY HH24:MI:SS'),1,3,2,16,1,3000,0.01,3000,0.01,0,0,0,null,0.1,35000,2,300000,10,0,null,0,0,1,55);
Insert into MARKETS (ID,NAME,DISPLAY_NAME,FEED_NAME,TIME_CREATED,WRITER_ID,DECIMAL_POINT,MARKET_GROUP_ID,EXCHANGE_ID,INVESTMENT_LIMITS_GROUP_ID,UPDATES_PAUSE,SIGNIFICANT_PERCENTAGE,REAL_UPDATES_PAUSE,REAL_SIGNIFICANT_PERCENTAGE,RANDOM_CEILING,RANDOM_FLOOR,FIRST_SHIFT_PARAMETER,AVERAGE_INVESTMENTS,PERCENTAGE_OF_AVG_INVESTMENTS,FIXED_AMOUNT_FOR_SHIFTING,TYPE_OF_SHIFTING,DISABLE_AFTER_PERIOD,CURENT_LEVEL_ALERT_PERC,IS_SUSPENDED,SUSPENDED_MESSAGE,ACCEPTABLE_LEVEL_DEVIATION,IS_HAS_FUTURE_AGREEMENT,IS_NEXT_AGREEMENT_SAME_DAY,BANNERS_PRIORITY) values (249,'Kwait SE Kse','markets.KwaitSEKse','.KWSE',to_timestamp('01/10/2008 16:08:14','DD/MM/YYYY HH24:MI:SS'),1,3,2,17,1,3000,0.01,3000,0.01,0,0,0,3,0.1,35000,2,300000,10,0,null,0,0,1,55);
Insert into MARKETS (ID,NAME,DISPLAY_NAME,FEED_NAME,TIME_CREATED,WRITER_ID,DECIMAL_POINT,MARKET_GROUP_ID,EXCHANGE_ID,INVESTMENT_LIMITS_GROUP_ID,UPDATES_PAUSE,SIGNIFICANT_PERCENTAGE,REAL_UPDATES_PAUSE,REAL_SIGNIFICANT_PERCENTAGE,RANDOM_CEILING,RANDOM_FLOOR,FIRST_SHIFT_PARAMETER,AVERAGE_INVESTMENTS,PERCENTAGE_OF_AVG_INVESTMENTS,FIXED_AMOUNT_FOR_SHIFTING,TYPE_OF_SHIFTING,DISABLE_AFTER_PERIOD,CURENT_LEVEL_ALERT_PERC,IS_SUSPENDED,SUSPENDED_MESSAGE,ACCEPTABLE_LEVEL_DEVIATION,IS_HAS_FUTURE_AGREEMENT,IS_NEXT_AGREEMENT_SAME_DAY,BANNERS_PRIORITY) values (250,'Abu dhabi General','markets.AbuDhabiGeneral','.ADI',to_timestamp('01/10/2008 16:08:36','DD/MM/YYYY HH24:MI:SS'),1,3,2,18,1,3000,0.01,3000,0.01,0,0,0,null,0.1,35000,2,300000,10,0,null,0,0,1,55);
Insert into MARKETS (ID,NAME,DISPLAY_NAME,FEED_NAME,TIME_CREATED,WRITER_ID,DECIMAL_POINT,MARKET_GROUP_ID,EXCHANGE_ID,INVESTMENT_LIMITS_GROUP_ID,UPDATES_PAUSE,SIGNIFICANT_PERCENTAGE,REAL_UPDATES_PAUSE,REAL_SIGNIFICANT_PERCENTAGE,RANDOM_CEILING,RANDOM_FLOOR,FIRST_SHIFT_PARAMETER,AVERAGE_INVESTMENTS,PERCENTAGE_OF_AVG_INVESTMENTS,FIXED_AMOUNT_FOR_SHIFTING,TYPE_OF_SHIFTING,DISABLE_AFTER_PERIOD,CURENT_LEVEL_ALERT_PERC,IS_SUSPENDED,SUSPENDED_MESSAGE,ACCEPTABLE_LEVEL_DEVIATION,IS_HAS_FUTURE_AGREEMENT,IS_NEXT_AGREEMENT_SAME_DAY,BANNERS_PRIORITY) values (251,'Barclays','markets.Barclays','BARC.L',to_timestamp('01/10/2008 16:09:05','DD/MM/YYYY HH24:MI:SS'),1,3,6,2,1,3000,0.01,3000,0.01,0,0,0,null,0.1,35000,2,300000,10,0,null,0,0,1,55);
Insert into MARKETS (ID,NAME,DISPLAY_NAME,FEED_NAME,TIME_CREATED,WRITER_ID,DECIMAL_POINT,MARKET_GROUP_ID,EXCHANGE_ID,INVESTMENT_LIMITS_GROUP_ID,UPDATES_PAUSE,SIGNIFICANT_PERCENTAGE,REAL_UPDATES_PAUSE,REAL_SIGNIFICANT_PERCENTAGE,RANDOM_CEILING,RANDOM_FLOOR,FIRST_SHIFT_PARAMETER,AVERAGE_INVESTMENTS,PERCENTAGE_OF_AVG_INVESTMENTS,FIXED_AMOUNT_FOR_SHIFTING,TYPE_OF_SHIFTING,DISABLE_AFTER_PERIOD,CURENT_LEVEL_ALERT_PERC,IS_SUSPENDED,SUSPENDED_MESSAGE,ACCEPTABLE_LEVEL_DEVIATION,IS_HAS_FUTURE_AGREEMENT,IS_NEXT_AGREEMENT_SAME_DAY,BANNERS_PRIORITY) values (287,'EUR-JPY','markets.EUR-JPY','EURJPY=',to_timestamp('30/10/2008 11:26:34','DD/MM/YYYY HH24:MI:SS'),1,3,4,19,1,3000,0.00002,3000,0.00002,0.00005,-0.00005,0.0002,3,0.1,35000,2,120000,0.02,0,null,0.00005,0,1,56);
Insert into MARKETS (ID,NAME,DISPLAY_NAME,FEED_NAME,TIME_CREATED,WRITER_ID,DECIMAL_POINT,MARKET_GROUP_ID,EXCHANGE_ID,INVESTMENT_LIMITS_GROUP_ID,UPDATES_PAUSE,SIGNIFICANT_PERCENTAGE,REAL_UPDATES_PAUSE,REAL_SIGNIFICANT_PERCENTAGE,RANDOM_CEILING,RANDOM_FLOOR,FIRST_SHIFT_PARAMETER,AVERAGE_INVESTMENTS,PERCENTAGE_OF_AVG_INVESTMENTS,FIXED_AMOUNT_FOR_SHIFTING,TYPE_OF_SHIFTING,DISABLE_AFTER_PERIOD,CURENT_LEVEL_ALERT_PERC,IS_SUSPENDED,SUSPENDED_MESSAGE,ACCEPTABLE_LEVEL_DEVIATION,IS_HAS_FUTURE_AGREEMENT,IS_NEXT_AGREEMENT_SAME_DAY,BANNERS_PRIORITY) values (288,'USD-CAD','markets.USD-CAD','CAD=',to_timestamp('30/10/2008 11:26:38','DD/MM/YYYY HH24:MI:SS'),1,5,4,20,1,3000,0.00002,3000,0.00002,0.00005,-0.00005,0.0002,12,0.1,35000,2,120000,0.02,0,null,0.00005,0,1,56);
Insert into MARKETS (ID,NAME,DISPLAY_NAME,FEED_NAME,TIME_CREATED,WRITER_ID,DECIMAL_POINT,MARKET_GROUP_ID,EXCHANGE_ID,INVESTMENT_LIMITS_GROUP_ID,UPDATES_PAUSE,SIGNIFICANT_PERCENTAGE,REAL_UPDATES_PAUSE,REAL_SIGNIFICANT_PERCENTAGE,RANDOM_CEILING,RANDOM_FLOOR,FIRST_SHIFT_PARAMETER,AVERAGE_INVESTMENTS,PERCENTAGE_OF_AVG_INVESTMENTS,FIXED_AMOUNT_FOR_SHIFTING,TYPE_OF_SHIFTING,DISABLE_AFTER_PERIOD,CURENT_LEVEL_ALERT_PERC,IS_SUSPENDED,SUSPENDED_MESSAGE,ACCEPTABLE_LEVEL_DEVIATION,IS_HAS_FUTURE_AGREEMENT,IS_NEXT_AGREEMENT_SAME_DAY,BANNERS_PRIORITY) values (289,'AUD-USD','markets.AUD-USD','AUD=',to_timestamp('30/10/2008 11:26:43','DD/MM/YYYY HH24:MI:SS'),1,5,4,21,1,3000,0.00002,3000,0.00002,0.00005,-0.00005,0.0002,null,0.1,35000,2,120000,0.02,0,null,0.00005,0,1,56);
Insert into MARKETS (ID,NAME,DISPLAY_NAME,FEED_NAME,TIME_CREATED,WRITER_ID,DECIMAL_POINT,MARKET_GROUP_ID,EXCHANGE_ID,INVESTMENT_LIMITS_GROUP_ID,UPDATES_PAUSE,SIGNIFICANT_PERCENTAGE,REAL_UPDATES_PAUSE,REAL_SIGNIFICANT_PERCENTAGE,RANDOM_CEILING,RANDOM_FLOOR,FIRST_SHIFT_PARAMETER,AVERAGE_INVESTMENTS,PERCENTAGE_OF_AVG_INVESTMENTS,FIXED_AMOUNT_FOR_SHIFTING,TYPE_OF_SHIFTING,DISABLE_AFTER_PERIOD,CURENT_LEVEL_ALERT_PERC,IS_SUSPENDED,SUSPENDED_MESSAGE,ACCEPTABLE_LEVEL_DEVIATION,IS_HAS_FUTURE_AGREEMENT,IS_NEXT_AGREEMENT_SAME_DAY,BANNERS_PRIORITY) values (290,'NZD-USD','markets.NZD-USD','NZD=',to_timestamp('30/10/2008 11:27:46','DD/MM/YYYY HH24:MI:SS'),1,5,4,22,1,3000,0.00002,3000,0.00002,0.00005,-0.00005,0.0002,null,0.1,35000,2,120000,0.02,0,null,0.00005,0,1,56);


Insert into TEMPLATES (ID,NAME,SUBJECT,FILE_NAME) values (4,'etraderInvitation','etrader - Invitation','etrader_invitation.html');
Insert into TEMPLATES (ID,NAME,SUBJECT,FILE_NAME) values (5,'etrader','etrader - mid year tax','midYearTax.html');
Insert into TEMPLATES (ID,NAME,SUBJECT,FILE_NAME) values (9,'AO_welcomeMail','anyoption - welcome','AO_welcomeMail.html');
Insert into TEMPLATES (ID,NAME,SUBJECT,FILE_NAME) values (10,'AO_passwordReminder','anyoption - password reminder','AO_passwordReminder.html');
Insert into TEMPLATES (ID,NAME,SUBJECT,FILE_NAME) values (11,'AO_nextInvestOnUs','anyoption - next invest on us','AO_nextInvestOnUs.html');
Insert into TEMPLATES (ID,NAME,SUBJECT,FILE_NAME) values (12,'AO_documentsRequest','anyoption - documents request','AO_documentsRequest.html');
Insert into TEMPLATES (ID,NAME,SUBJECT,FILE_NAME) values (13,'AO_confirmMail','anyoption - new password confirmation','AO_confirmMail.html');
Insert into TEMPLATES (ID,NAME,SUBJECT,FILE_NAME) values (6,'documentsNotification1','deposit - documents1','docsNotification1.html');
Insert into TEMPLATES (ID,NAME,SUBJECT,FILE_NAME) values (7,'documentsNotification2','deposit - documents2','docsNotification2.html');

Insert into TRANSACTION_TYPES (ID,CODE,DESCRIPTION,CLASS_TYPE) values (14,'TRANS_TYPE_BANK_WIRE','transactions.bank.wire',2);
Insert into TRANSACTION_TYPES (ID,CODE,DESCRIPTION,CLASS_TYPE) values (15,'TRANS_TYPE_BANK_WIRE_FEE','transactions.bank.wirefee',2);

Insert into LIMITS (ID,NAME,MIN_DEPOSIT,MIN_WITHDRAW,MAX_DEPOSIT,MAX_WITHDRAW,MAX_DEPOSIT_PER_DAY,MAX_DEPOSIT_PER_MONTH,TIME_LAST_UPDATE,WRITER_ID,COMMENTS,IS_DEFAULT,TIME_CREATED,FEE,FEE_CC,MAX_AMOUNT_FOR_FEE,FREE_INVEST_MAX,FREE_INVEST_MIN,BANK_WIRE_FEE,BANK_WIRE_MAX_AMOUNT_FOR_FEE,MIN_BANK_WIRE,MAX_BANK_WIRE) values (2,'skin2',11000,1100,989900,999900,99999999900,99999999900,to_timestamp('04-DEC-2008','DD-MON-RRRR HH24:MI:SSXFF'),1,null,0,to_timestamp('04-DEC-2008','DD-MON-RRRR HH24:MI:SSXFF'),1000,1000,50000,300000,50000,1000,50000,1100,999900);
Insert into LIMITS (ID,NAME,MIN_DEPOSIT,MIN_WITHDRAW,MAX_DEPOSIT,MAX_WITHDRAW,MAX_DEPOSIT_PER_DAY,MAX_DEPOSIT_PER_MONTH,TIME_LAST_UPDATE,WRITER_ID,COMMENTS,IS_DEFAULT,TIME_CREATED,FEE,FEE_CC,MAX_AMOUNT_FOR_FEE,FREE_INVEST_MAX,FREE_INVEST_MIN,BANK_WIRE_FEE,BANK_WIRE_MAX_AMOUNT_FOR_FEE,MIN_BANK_WIRE,MAX_BANK_WIRE) values (3,'skin4',5000,2100,6000,10000,200000,99999999900,to_timestamp('04-DEC-2008','DD-MON-RRRR HH24:MI:SSXFF'),1,null,0,to_timestamp('04-DEC-2008','DD-MON-RRRR HH24:MI:SSXFF'),1000,1000,50000,300000,50000,1000,50000,1300,999900);

Insert into INVESTMENT_LIMIT_GROUP (INVESTMENT_LIMIT_ID,INVESTMENT_LIMITS_GROUP_ID) values (2,1);
Insert into INVESTMENT_LIMIT_GROUP (INVESTMENT_LIMIT_ID,INVESTMENT_LIMITS_GROUP_ID) values (3,1);
Insert into INVESTMENT_LIMIT_GROUP (INVESTMENT_LIMIT_ID,INVESTMENT_LIMITS_GROUP_ID) values (4,1);
Insert into INVESTMENT_LIMIT_GROUP (INVESTMENT_LIMIT_ID,INVESTMENT_LIMITS_GROUP_ID) values (5,1);

Insert into INVESTMENT_LIMITS (ID,CURRENCY_ID,MIN,MAX) values (2,2,12000,1200000);
Insert into INVESTMENT_LIMITS (ID,CURRENCY_ID,MIN,MAX) values (3,3,13000,1300000);
Insert into INVESTMENT_LIMITS (ID,CURRENCY_ID,MIN,MAX) values (4,4,14000,1400000);
Insert into INVESTMENT_LIMITS (ID,CURRENCY_ID,MIN,MAX) values (5,5,15000,1500000);


Insert into CURRENCIES (ID,SYMBOL,IS_LEFT_SYMBOL,CODE,NAME_KEY,MIN_DEPOSIT,MIN_WITHDRAW,IS_DEFAULT,DISPLAY_NAME,DEPOSIT_AMOUNT_FOR_EMAIL,DEPOSIT_AMOUNT_FOR_LOCK,DEPOSIT_SUM_ALLOW) values (2,'currency.usd',1,'USD','USD',120,120,0,'currencies.usd',100000,200000,300000);
Insert into CURRENCIES (ID,SYMBOL,IS_LEFT_SYMBOL,CODE,NAME_KEY,MIN_DEPOSIT,MIN_WITHDRAW,IS_DEFAULT,DISPLAY_NAME,DEPOSIT_AMOUNT_FOR_EMAIL,DEPOSIT_AMOUNT_FOR_LOCK,DEPOSIT_SUM_ALLOW) values (3,'currency.eur',1,'EUR','EUR',130,130,0,'currencies.eur',100000,200000,300000);
Insert into CURRENCIES (ID,SYMBOL,IS_LEFT_SYMBOL,CODE,NAME_KEY,MIN_DEPOSIT,MIN_WITHDRAW,IS_DEFAULT,DISPLAY_NAME,DEPOSIT_AMOUNT_FOR_EMAIL,DEPOSIT_AMOUNT_FOR_LOCK,DEPOSIT_SUM_ALLOW) values (4,'currency.gbp',1,'GBP','GBP',140,140,0,'currencies.gbp',100000,200000,300000);
Insert into CURRENCIES (ID,SYMBOL,IS_LEFT_SYMBOL,CODE,NAME_KEY,MIN_DEPOSIT,MIN_WITHDRAW,IS_DEFAULT,DISPLAY_NAME,DEPOSIT_AMOUNT_FOR_EMAIL,DEPOSIT_AMOUNT_FOR_LOCK,DEPOSIT_SUM_ALLOW) values (5,'currency.try',1,'TRY','TRY',150,150,0,'currencies.try',100000,200000,300000);


Insert into CITIES (ID,NAME) values (0,'anyoption');

-- INSERTING into EXCHANGE_HOLIDAYS
Insert into EXCHANGE_HOLIDAYS (ID,HOLIDAY,EXCHANGE_ID,IS_HALF_DAY) values (381,to_date('07/12/2008 00:00:00','DD/MM/YYYY HH24:MI:SS'),17,0);
Insert into EXCHANGE_HOLIDAYS (ID,HOLIDAY,EXCHANGE_ID,IS_HALF_DAY) values (382,to_date('08/12/2008 00:00:00','DD/MM/YYYY HH24:MI:SS'),17,0);
Insert into EXCHANGE_HOLIDAYS (ID,HOLIDAY,EXCHANGE_ID,IS_HALF_DAY) values (383,to_date('09/12/2008 00:00:00','DD/MM/YYYY HH24:MI:SS'),17,0);
Insert into EXCHANGE_HOLIDAYS (ID,HOLIDAY,EXCHANGE_ID,IS_HALF_DAY) values (384,to_date('10/12/2008 00:00:00','DD/MM/YYYY HH24:MI:SS'),17,0);
Insert into EXCHANGE_HOLIDAYS (ID,HOLIDAY,EXCHANGE_ID,IS_HALF_DAY) values (401,to_date('24/12/2008 00:00:00','DD/MM/YYYY HH24:MI:SS'),19,0);
Insert into EXCHANGE_HOLIDAYS (ID,HOLIDAY,EXCHANGE_ID,IS_HALF_DAY) values (427,to_date('24/12/2008 00:00:00','DD/MM/YYYY HH24:MI:SS'),20,1);
Insert into EXCHANGE_HOLIDAYS (ID,HOLIDAY,EXCHANGE_ID,IS_HALF_DAY) values (423,to_date('24/12/2008 00:00:00','DD/MM/YYYY HH24:MI:SS'),21,0);
Insert into EXCHANGE_HOLIDAYS (ID,HOLIDAY,EXCHANGE_ID,IS_HALF_DAY) values (422,to_date('24/12/2008 00:00:00','DD/MM/YYYY HH24:MI:SS'),22,0);
Insert into EXCHANGE_HOLIDAYS (ID,HOLIDAY,EXCHANGE_ID,IS_HALF_DAY) values (424,to_date('25/12/2008 00:00:00','DD/MM/YYYY HH24:MI:SS'),21,0);
Insert into EXCHANGE_HOLIDAYS (ID,HOLIDAY,EXCHANGE_ID,IS_HALF_DAY) values (426,to_date('25/12/2008 00:00:00','DD/MM/YYYY HH24:MI:SS'),20,0);
Insert into EXCHANGE_HOLIDAYS (ID,HOLIDAY,EXCHANGE_ID,IS_HALF_DAY) values (421,to_date('25/12/2008 00:00:00','DD/MM/YYYY HH24:MI:SS'),22,0);
Insert into EXCHANGE_HOLIDAYS (ID,HOLIDAY,EXCHANGE_ID,IS_HALF_DAY) values (402,to_date('25/12/2008 00:00:00','DD/MM/YYYY HH24:MI:SS'),19,0);
Insert into EXCHANGE_HOLIDAYS (ID,HOLIDAY,EXCHANGE_ID,IS_HALF_DAY) values (403,to_date('26/12/2008 00:00:00','DD/MM/YYYY HH24:MI:SS'),19,0);
Insert into EXCHANGE_HOLIDAYS (ID,HOLIDAY,EXCHANGE_ID,IS_HALF_DAY) values (404,to_date('31/12/2008 00:00:00','DD/MM/YYYY HH24:MI:SS'),19,0);

-- INSERTING into OPPORTUNITY_TEMPLATES
Insert into OPPORTUNITY_TEMPLATES (ID,MARKET_ID,SCHEDULED,TIME_FIRST_INVEST,TIME_EST_CLOSING,TIME_LAST_INVEST,ODDS_TYPE_ID,WRITER_ID,OPPORTUNITY_TYPE_ID,IS_ACTIVE,TIME_ZONE,IS_FULL_DAY,IS_HALF_DAY,DEDUCT_WIN_ODDS) values (896,249,1,'09:30','10:30','10:20',45,7,1,1,'Asia/Kuwait',1,0,0);
Insert into OPPORTUNITY_TEMPLATES (ID,MARKET_ID,SCHEDULED,TIME_FIRST_INVEST,TIME_EST_CLOSING,TIME_LAST_INVEST,ODDS_TYPE_ID,WRITER_ID,OPPORTUNITY_TYPE_ID,IS_ACTIVE,TIME_ZONE,IS_FULL_DAY,IS_HALF_DAY,DEDUCT_WIN_ODDS) values (897,249,3,'09:30','13:00','12:20',45,7,1,1,'Asia/Kuwait',1,0,0);
Insert into OPPORTUNITY_TEMPLATES (ID,MARKET_ID,SCHEDULED,TIME_FIRST_INVEST,TIME_EST_CLOSING,TIME_LAST_INVEST,ODDS_TYPE_ID,WRITER_ID,OPPORTUNITY_TYPE_ID,IS_ACTIVE,TIME_ZONE,IS_FULL_DAY,IS_HALF_DAY,DEDUCT_WIN_ODDS) values (898,250,4,'10:10','14:30','13:55',44,7,1,1,'Asia/Dubai',1,0,0);
Insert into OPPORTUNITY_TEMPLATES (ID,MARKET_ID,SCHEDULED,TIME_FIRST_INVEST,TIME_EST_CLOSING,TIME_LAST_INVEST,ODDS_TYPE_ID,WRITER_ID,OPPORTUNITY_TYPE_ID,IS_ACTIVE,TIME_ZONE,IS_FULL_DAY,IS_HALF_DAY,DEDUCT_WIN_ODDS) values (899,250,3,'10:10','14:30','13:55',44,7,1,1,'Asia/Dubai',1,0,0);
Insert into OPPORTUNITY_TEMPLATES (ID,MARKET_ID,SCHEDULED,TIME_FIRST_INVEST,TIME_EST_CLOSING,TIME_LAST_INVEST,ODDS_TYPE_ID,WRITER_ID,OPPORTUNITY_TYPE_ID,IS_ACTIVE,TIME_ZONE,IS_FULL_DAY,IS_HALF_DAY,DEDUCT_WIN_ODDS) values (900,250,1,'10:30','11:30','11:20',44,7,1,1,'Asia/Dubai',1,0,0);
Insert into OPPORTUNITY_TEMPLATES (ID,MARKET_ID,SCHEDULED,TIME_FIRST_INVEST,TIME_EST_CLOSING,TIME_LAST_INVEST,ODDS_TYPE_ID,WRITER_ID,OPPORTUNITY_TYPE_ID,IS_ACTIVE,TIME_ZONE,IS_FULL_DAY,IS_HALF_DAY,DEDUCT_WIN_ODDS) values (901,250,1,'11:30','12:30','12:20',44,7,1,1,'Asia/Dubai',1,0,0);
Insert into OPPORTUNITY_TEMPLATES (ID,MARKET_ID,SCHEDULED,TIME_FIRST_INVEST,TIME_EST_CLOSING,TIME_LAST_INVEST,ODDS_TYPE_ID,WRITER_ID,OPPORTUNITY_TYPE_ID,IS_ACTIVE,TIME_ZONE,IS_FULL_DAY,IS_HALF_DAY,DEDUCT_WIN_ODDS) values (902,251,2,'08:10','16:30','16:20',43,7,1,1,'Europe/London',1,1,0);
Insert into OPPORTUNITY_TEMPLATES (ID,MARKET_ID,SCHEDULED,TIME_FIRST_INVEST,TIME_EST_CLOSING,TIME_LAST_INVEST,ODDS_TYPE_ID,WRITER_ID,OPPORTUNITY_TYPE_ID,IS_ACTIVE,TIME_ZONE,IS_FULL_DAY,IS_HALF_DAY,DEDUCT_WIN_ODDS) values (903,251,1,'08:10','08:30','08:25',43,7,1,1,'Europe/London',1,0,0);
Insert into OPPORTUNITY_TEMPLATES (ID,MARKET_ID,SCHEDULED,TIME_FIRST_INVEST,TIME_EST_CLOSING,TIME_LAST_INVEST,ODDS_TYPE_ID,WRITER_ID,OPPORTUNITY_TYPE_ID,IS_ACTIVE,TIME_ZONE,IS_FULL_DAY,IS_HALF_DAY,DEDUCT_WIN_ODDS) values (904,251,1,'08:30','09:30','09:25',43,7,1,1,'Europe/London',1,0,0);
Insert into OPPORTUNITY_TEMPLATES (ID,MARKET_ID,SCHEDULED,TIME_FIRST_INVEST,TIME_EST_CLOSING,TIME_LAST_INVEST,ODDS_TYPE_ID,WRITER_ID,OPPORTUNITY_TYPE_ID,IS_ACTIVE,TIME_ZONE,IS_FULL_DAY,IS_HALF_DAY,DEDUCT_WIN_ODDS) values (905,251,1,'09:30','10:30','10:25',43,7,1,1,'Europe/London',1,0,0);
Insert into OPPORTUNITY_TEMPLATES (ID,MARKET_ID,SCHEDULED,TIME_FIRST_INVEST,TIME_EST_CLOSING,TIME_LAST_INVEST,ODDS_TYPE_ID,WRITER_ID,OPPORTUNITY_TYPE_ID,IS_ACTIVE,TIME_ZONE,IS_FULL_DAY,IS_HALF_DAY,DEDUCT_WIN_ODDS) values (906,251,1,'10:30','11:30','11:25',43,7,1,1,'Europe/London',1,1,0);
Insert into OPPORTUNITY_TEMPLATES (ID,MARKET_ID,SCHEDULED,TIME_FIRST_INVEST,TIME_EST_CLOSING,TIME_LAST_INVEST,ODDS_TYPE_ID,WRITER_ID,OPPORTUNITY_TYPE_ID,IS_ACTIVE,TIME_ZONE,IS_FULL_DAY,IS_HALF_DAY,DEDUCT_WIN_ODDS) values (907,251,1,'12:30','13:30','13:25',43,7,1,1,'Europe/London',1,0,0);
Insert into OPPORTUNITY_TEMPLATES (ID,MARKET_ID,SCHEDULED,TIME_FIRST_INVEST,TIME_EST_CLOSING,TIME_LAST_INVEST,ODDS_TYPE_ID,WRITER_ID,OPPORTUNITY_TYPE_ID,IS_ACTIVE,TIME_ZONE,IS_FULL_DAY,IS_HALF_DAY,DEDUCT_WIN_ODDS) values (908,251,1,'13:30','14:30','14:25',43,7,1,1,'Europe/London',1,0,0);
Insert into OPPORTUNITY_TEMPLATES (ID,MARKET_ID,SCHEDULED,TIME_FIRST_INVEST,TIME_EST_CLOSING,TIME_LAST_INVEST,ODDS_TYPE_ID,WRITER_ID,OPPORTUNITY_TYPE_ID,IS_ACTIVE,TIME_ZONE,IS_FULL_DAY,IS_HALF_DAY,DEDUCT_WIN_ODDS) values (909,251,1,'14:30','15:30','15:25',43,7,1,1,'Europe/London',1,0,0);
Insert into OPPORTUNITY_TEMPLATES (ID,MARKET_ID,SCHEDULED,TIME_FIRST_INVEST,TIME_EST_CLOSING,TIME_LAST_INVEST,ODDS_TYPE_ID,WRITER_ID,OPPORTUNITY_TYPE_ID,IS_ACTIVE,TIME_ZONE,IS_FULL_DAY,IS_HALF_DAY,DEDUCT_WIN_ODDS) values (910,251,1,'11:30','12:30','12:25',43,7,1,1,'Europe/London',1,1,0);
Insert into OPPORTUNITY_TEMPLATES (ID,MARKET_ID,SCHEDULED,TIME_FIRST_INVEST,TIME_EST_CLOSING,TIME_LAST_INVEST,ODDS_TYPE_ID,WRITER_ID,OPPORTUNITY_TYPE_ID,IS_ACTIVE,TIME_ZONE,IS_FULL_DAY,IS_HALF_DAY,DEDUCT_WIN_ODDS) values (913,251,3,'08:10','16:30','16:20',43,7,1,1,'Europe/London',1,0,0);
Insert into OPPORTUNITY_TEMPLATES (ID,MARKET_ID,SCHEDULED,TIME_FIRST_INVEST,TIME_EST_CLOSING,TIME_LAST_INVEST,ODDS_TYPE_ID,WRITER_ID,OPPORTUNITY_TYPE_ID,IS_ACTIVE,TIME_ZONE,IS_FULL_DAY,IS_HALF_DAY,DEDUCT_WIN_ODDS) values (914,251,4,'08:10','16:30','16:20',43,7,1,1,'Europe/London',1,0,0);
Insert into OPPORTUNITY_TEMPLATES (ID,MARKET_ID,SCHEDULED,TIME_FIRST_INVEST,TIME_EST_CLOSING,TIME_LAST_INVEST,ODDS_TYPE_ID,WRITER_ID,OPPORTUNITY_TYPE_ID,IS_ACTIVE,TIME_ZONE,IS_FULL_DAY,IS_HALF_DAY,DEDUCT_WIN_ODDS) values (917,250,1,'12:30','13:30','13:20',44,7,1,1,'Asia/Dubai',1,0,0);
Insert into OPPORTUNITY_TEMPLATES (ID,MARKET_ID,SCHEDULED,TIME_FIRST_INVEST,TIME_EST_CLOSING,TIME_LAST_INVEST,ODDS_TYPE_ID,WRITER_ID,OPPORTUNITY_TYPE_ID,IS_ACTIVE,TIME_ZONE,IS_FULL_DAY,IS_HALF_DAY,DEDUCT_WIN_ODDS) values (918,250,2,'10:10','14:30','13:55',44,7,1,1,'Asia/Dubai',1,0,0);
Insert into OPPORTUNITY_TEMPLATES (ID,MARKET_ID,SCHEDULED,TIME_FIRST_INVEST,TIME_EST_CLOSING,TIME_LAST_INVEST,ODDS_TYPE_ID,WRITER_ID,OPPORTUNITY_TYPE_ID,IS_ACTIVE,TIME_ZONE,IS_FULL_DAY,IS_HALF_DAY,DEDUCT_WIN_ODDS) values (920,249,2,'09:30','13:00','12:20',45,7,1,1,'Asia/Kuwait',1,0,0);
Insert into OPPORTUNITY_TEMPLATES (ID,MARKET_ID,SCHEDULED,TIME_FIRST_INVEST,TIME_EST_CLOSING,TIME_LAST_INVEST,ODDS_TYPE_ID,WRITER_ID,OPPORTUNITY_TYPE_ID,IS_ACTIVE,TIME_ZONE,IS_FULL_DAY,IS_HALF_DAY,DEDUCT_WIN_ODDS) values (921,249,1,'10:30','11:30','11:20',45,7,1,1,'Asia/Kuwait',1,0,0);
Insert into OPPORTUNITY_TEMPLATES (ID,MARKET_ID,SCHEDULED,TIME_FIRST_INVEST,TIME_EST_CLOSING,TIME_LAST_INVEST,ODDS_TYPE_ID,WRITER_ID,OPPORTUNITY_TYPE_ID,IS_ACTIVE,TIME_ZONE,IS_FULL_DAY,IS_HALF_DAY,DEDUCT_WIN_ODDS) values (923,249,4,'09:30','13:00','12:20',45,7,1,1,'Asia/Kuwait',1,0,0);
Insert into OPPORTUNITY_TEMPLATES (ID,MARKET_ID,SCHEDULED,TIME_FIRST_INVEST,TIME_EST_CLOSING,TIME_LAST_INVEST,ODDS_TYPE_ID,WRITER_ID,OPPORTUNITY_TYPE_ID,IS_ACTIVE,TIME_ZONE,IS_FULL_DAY,IS_HALF_DAY,DEDUCT_WIN_ODDS) values (1282,287,2,'08:00','01:00','00:55',43,7,1,1,'Israel',1,0,0);
Insert into OPPORTUNITY_TEMPLATES (ID,MARKET_ID,SCHEDULED,TIME_FIRST_INVEST,TIME_EST_CLOSING,TIME_LAST_INVEST,ODDS_TYPE_ID,WRITER_ID,OPPORTUNITY_TYPE_ID,IS_ACTIVE,TIME_ZONE,IS_FULL_DAY,IS_HALF_DAY,DEDUCT_WIN_ODDS) values (1283,287,3,'08:00','23:00','22:55',43,7,1,1,'Israel',1,0,0);
Insert into OPPORTUNITY_TEMPLATES (ID,MARKET_ID,SCHEDULED,TIME_FIRST_INVEST,TIME_EST_CLOSING,TIME_LAST_INVEST,ODDS_TYPE_ID,WRITER_ID,OPPORTUNITY_TYPE_ID,IS_ACTIVE,TIME_ZONE,IS_FULL_DAY,IS_HALF_DAY,DEDUCT_WIN_ODDS) values (1284,287,4,'08:00','01:00','00:55',43,7,1,1,'Israel',1,0,0);
Insert into OPPORTUNITY_TEMPLATES (ID,MARKET_ID,SCHEDULED,TIME_FIRST_INVEST,TIME_EST_CLOSING,TIME_LAST_INVEST,ODDS_TYPE_ID,WRITER_ID,OPPORTUNITY_TYPE_ID,IS_ACTIVE,TIME_ZONE,IS_FULL_DAY,IS_HALF_DAY,DEDUCT_WIN_ODDS) values (1302,287,2,'08:00','19:00','18:55',43,30,1,1,'Israel',0,1,0);
Insert into OPPORTUNITY_TEMPLATES (ID,MARKET_ID,SCHEDULED,TIME_FIRST_INVEST,TIME_EST_CLOSING,TIME_LAST_INVEST,ODDS_TYPE_ID,WRITER_ID,OPPORTUNITY_TYPE_ID,IS_ACTIVE,TIME_ZONE,IS_FULL_DAY,IS_HALF_DAY,DEDUCT_WIN_ODDS) values (1304,287,1,'08:00','09:00','08:55',43,30,1,1,'Israel',1,0,0);
Insert into OPPORTUNITY_TEMPLATES (ID,MARKET_ID,SCHEDULED,TIME_FIRST_INVEST,TIME_EST_CLOSING,TIME_LAST_INVEST,ODDS_TYPE_ID,WRITER_ID,OPPORTUNITY_TYPE_ID,IS_ACTIVE,TIME_ZONE,IS_FULL_DAY,IS_HALF_DAY,DEDUCT_WIN_ODDS) values (1322,287,1,'09:00','10:00','09:55',43,30,1,1,'Israel',1,0,0);
Insert into OPPORTUNITY_TEMPLATES (ID,MARKET_ID,SCHEDULED,TIME_FIRST_INVEST,TIME_EST_CLOSING,TIME_LAST_INVEST,ODDS_TYPE_ID,WRITER_ID,OPPORTUNITY_TYPE_ID,IS_ACTIVE,TIME_ZONE,IS_FULL_DAY,IS_HALF_DAY,DEDUCT_WIN_ODDS) values (1323,287,1,'10:00','11:00','10:55',43,30,1,1,'Israel',1,0,0);
Insert into OPPORTUNITY_TEMPLATES (ID,MARKET_ID,SCHEDULED,TIME_FIRST_INVEST,TIME_EST_CLOSING,TIME_LAST_INVEST,ODDS_TYPE_ID,WRITER_ID,OPPORTUNITY_TYPE_ID,IS_ACTIVE,TIME_ZONE,IS_FULL_DAY,IS_HALF_DAY,DEDUCT_WIN_ODDS) values (1324,287,1,'11:00','12:00','11:55',43,30,1,1,'Israel',1,0,0);
Insert into OPPORTUNITY_TEMPLATES (ID,MARKET_ID,SCHEDULED,TIME_FIRST_INVEST,TIME_EST_CLOSING,TIME_LAST_INVEST,ODDS_TYPE_ID,WRITER_ID,OPPORTUNITY_TYPE_ID,IS_ACTIVE,TIME_ZONE,IS_FULL_DAY,IS_HALF_DAY,DEDUCT_WIN_ODDS) values (1325,287,1,'12:00','13:00','12:55',43,30,1,1,'Israel',1,0,0);
Insert into OPPORTUNITY_TEMPLATES (ID,MARKET_ID,SCHEDULED,TIME_FIRST_INVEST,TIME_EST_CLOSING,TIME_LAST_INVEST,ODDS_TYPE_ID,WRITER_ID,OPPORTUNITY_TYPE_ID,IS_ACTIVE,TIME_ZONE,IS_FULL_DAY,IS_HALF_DAY,DEDUCT_WIN_ODDS) values (1326,287,1,'13:00','14:00','13:55',43,30,1,1,'Israel',1,1,0);
Insert into OPPORTUNITY_TEMPLATES (ID,MARKET_ID,SCHEDULED,TIME_FIRST_INVEST,TIME_EST_CLOSING,TIME_LAST_INVEST,ODDS_TYPE_ID,WRITER_ID,OPPORTUNITY_TYPE_ID,IS_ACTIVE,TIME_ZONE,IS_FULL_DAY,IS_HALF_DAY,DEDUCT_WIN_ODDS) values (1327,287,1,'14:00','15:00','14:55',43,30,1,1,'Israel',1,1,0);
Insert into OPPORTUNITY_TEMPLATES (ID,MARKET_ID,SCHEDULED,TIME_FIRST_INVEST,TIME_EST_CLOSING,TIME_LAST_INVEST,ODDS_TYPE_ID,WRITER_ID,OPPORTUNITY_TYPE_ID,IS_ACTIVE,TIME_ZONE,IS_FULL_DAY,IS_HALF_DAY,DEDUCT_WIN_ODDS) values (1328,287,1,'15:00','16:00','15:55',43,30,1,1,'Israel',1,1,0);
Insert into OPPORTUNITY_TEMPLATES (ID,MARKET_ID,SCHEDULED,TIME_FIRST_INVEST,TIME_EST_CLOSING,TIME_LAST_INVEST,ODDS_TYPE_ID,WRITER_ID,OPPORTUNITY_TYPE_ID,IS_ACTIVE,TIME_ZONE,IS_FULL_DAY,IS_HALF_DAY,DEDUCT_WIN_ODDS) values (1329,287,1,'16:00','17:00','16:55',43,30,1,1,'Israel',1,1,0);
Insert into OPPORTUNITY_TEMPLATES (ID,MARKET_ID,SCHEDULED,TIME_FIRST_INVEST,TIME_EST_CLOSING,TIME_LAST_INVEST,ODDS_TYPE_ID,WRITER_ID,OPPORTUNITY_TYPE_ID,IS_ACTIVE,TIME_ZONE,IS_FULL_DAY,IS_HALF_DAY,DEDUCT_WIN_ODDS) values (1330,287,1,'17:00','18:00','17:55',43,30,1,1,'Israel',1,1,0);
Insert into OPPORTUNITY_TEMPLATES (ID,MARKET_ID,SCHEDULED,TIME_FIRST_INVEST,TIME_EST_CLOSING,TIME_LAST_INVEST,ODDS_TYPE_ID,WRITER_ID,OPPORTUNITY_TYPE_ID,IS_ACTIVE,TIME_ZONE,IS_FULL_DAY,IS_HALF_DAY,DEDUCT_WIN_ODDS) values (1331,287,1,'18:00','19:00','18:55',43,30,1,1,'Israel',1,0,0);
Insert into OPPORTUNITY_TEMPLATES (ID,MARKET_ID,SCHEDULED,TIME_FIRST_INVEST,TIME_EST_CLOSING,TIME_LAST_INVEST,ODDS_TYPE_ID,WRITER_ID,OPPORTUNITY_TYPE_ID,IS_ACTIVE,TIME_ZONE,IS_FULL_DAY,IS_HALF_DAY,DEDUCT_WIN_ODDS) values (1332,287,1,'19:00','20:00','19:55',43,30,1,1,'Israel',1,0,0);
Insert into OPPORTUNITY_TEMPLATES (ID,MARKET_ID,SCHEDULED,TIME_FIRST_INVEST,TIME_EST_CLOSING,TIME_LAST_INVEST,ODDS_TYPE_ID,WRITER_ID,OPPORTUNITY_TYPE_ID,IS_ACTIVE,TIME_ZONE,IS_FULL_DAY,IS_HALF_DAY,DEDUCT_WIN_ODDS) values (1333,287,1,'20:00','21:00','20:55',43,30,1,1,'Israel',1,0,0);
Insert into OPPORTUNITY_TEMPLATES (ID,MARKET_ID,SCHEDULED,TIME_FIRST_INVEST,TIME_EST_CLOSING,TIME_LAST_INVEST,ODDS_TYPE_ID,WRITER_ID,OPPORTUNITY_TYPE_ID,IS_ACTIVE,TIME_ZONE,IS_FULL_DAY,IS_HALF_DAY,DEDUCT_WIN_ODDS) values (1334,287,1,'21:00','22:00','21:55',43,30,1,1,'Israel',1,0,0);
Insert into OPPORTUNITY_TEMPLATES (ID,MARKET_ID,SCHEDULED,TIME_FIRST_INVEST,TIME_EST_CLOSING,TIME_LAST_INVEST,ODDS_TYPE_ID,WRITER_ID,OPPORTUNITY_TYPE_ID,IS_ACTIVE,TIME_ZONE,IS_FULL_DAY,IS_HALF_DAY,DEDUCT_WIN_ODDS) values (1368,288,1,'09:00','10:00','09:55',45,30,1,1,'America/New_York',1,0,0);
Insert into OPPORTUNITY_TEMPLATES (ID,MARKET_ID,SCHEDULED,TIME_FIRST_INVEST,TIME_EST_CLOSING,TIME_LAST_INVEST,ODDS_TYPE_ID,WRITER_ID,OPPORTUNITY_TYPE_ID,IS_ACTIVE,TIME_ZONE,IS_FULL_DAY,IS_HALF_DAY,DEDUCT_WIN_ODDS) values (1384,289,4,'20:00','01:00','00:55',1,30,1,1,'Israel',1,0,0);
Insert into OPPORTUNITY_TEMPLATES (ID,MARKET_ID,SCHEDULED,TIME_FIRST_INVEST,TIME_EST_CLOSING,TIME_LAST_INVEST,ODDS_TYPE_ID,WRITER_ID,OPPORTUNITY_TYPE_ID,IS_ACTIVE,TIME_ZONE,IS_FULL_DAY,IS_HALF_DAY,DEDUCT_WIN_ODDS) values (1442,289,1,'20:00','21:00','20:55',1,7,1,1,'Israel',1,0,0);
Insert into OPPORTUNITY_TEMPLATES (ID,MARKET_ID,SCHEDULED,TIME_FIRST_INVEST,TIME_EST_CLOSING,TIME_LAST_INVEST,ODDS_TYPE_ID,WRITER_ID,OPPORTUNITY_TYPE_ID,IS_ACTIVE,TIME_ZONE,IS_FULL_DAY,IS_HALF_DAY,DEDUCT_WIN_ODDS) values (1365,288,2,'09:00','16:00','15:55',45,30,1,1,'America/New_York',1,0,0);
Insert into OPPORTUNITY_TEMPLATES (ID,MARKET_ID,SCHEDULED,TIME_FIRST_INVEST,TIME_EST_CLOSING,TIME_LAST_INVEST,ODDS_TYPE_ID,WRITER_ID,OPPORTUNITY_TYPE_ID,IS_ACTIVE,TIME_ZONE,IS_FULL_DAY,IS_HALF_DAY,DEDUCT_WIN_ODDS) values (1369,288,1,'10:00','11:00','10:55',45,30,1,1,'America/New_York',1,0,0);
Insert into OPPORTUNITY_TEMPLATES (ID,MARKET_ID,SCHEDULED,TIME_FIRST_INVEST,TIME_EST_CLOSING,TIME_LAST_INVEST,ODDS_TYPE_ID,WRITER_ID,OPPORTUNITY_TYPE_ID,IS_ACTIVE,TIME_ZONE,IS_FULL_DAY,IS_HALF_DAY,DEDUCT_WIN_ODDS) values (1373,288,1,'14:00','15:00','14:55',45,30,1,1,'America/New_York',1,0,0);
Insert into OPPORTUNITY_TEMPLATES (ID,MARKET_ID,SCHEDULED,TIME_FIRST_INVEST,TIME_EST_CLOSING,TIME_LAST_INVEST,ODDS_TYPE_ID,WRITER_ID,OPPORTUNITY_TYPE_ID,IS_ACTIVE,TIME_ZONE,IS_FULL_DAY,IS_HALF_DAY,DEDUCT_WIN_ODDS) values (1383,289,3,'20:00','23:00','22:55',1,30,1,1,'Israel',1,0,0);
Insert into OPPORTUNITY_TEMPLATES (ID,MARKET_ID,SCHEDULED,TIME_FIRST_INVEST,TIME_EST_CLOSING,TIME_LAST_INVEST,ODDS_TYPE_ID,WRITER_ID,OPPORTUNITY_TYPE_ID,IS_ACTIVE,TIME_ZONE,IS_FULL_DAY,IS_HALF_DAY,DEDUCT_WIN_ODDS) values (1388,290,3,'20:00','23:00','22:55',1,30,1,1,'Israel',1,0,0);
Insert into OPPORTUNITY_TEMPLATES (ID,MARKET_ID,SCHEDULED,TIME_FIRST_INVEST,TIME_EST_CLOSING,TIME_LAST_INVEST,ODDS_TYPE_ID,WRITER_ID,OPPORTUNITY_TYPE_ID,IS_ACTIVE,TIME_ZONE,IS_FULL_DAY,IS_HALF_DAY,DEDUCT_WIN_ODDS) values (1389,290,4,'20:00','01:00','00:55',1,30,1,1,'Israel',1,0,0);
Insert into OPPORTUNITY_TEMPLATES (ID,MARKET_ID,SCHEDULED,TIME_FIRST_INVEST,TIME_EST_CLOSING,TIME_LAST_INVEST,ODDS_TYPE_ID,WRITER_ID,OPPORTUNITY_TYPE_ID,IS_ACTIVE,TIME_ZONE,IS_FULL_DAY,IS_HALF_DAY,DEDUCT_WIN_ODDS) values (1362,287,1,'10:00','11:00','10:55',43,30,1,1,'Israel',0,1,0);
Insert into OPPORTUNITY_TEMPLATES (ID,MARKET_ID,SCHEDULED,TIME_FIRST_INVEST,TIME_EST_CLOSING,TIME_LAST_INVEST,ODDS_TYPE_ID,WRITER_ID,OPPORTUNITY_TYPE_ID,IS_ACTIVE,TIME_ZONE,IS_FULL_DAY,IS_HALF_DAY,DEDUCT_WIN_ODDS) values (1366,288,3,'09:00','16:00','15:55',45,30,1,1,'America/New_York',1,0,0);
Insert into OPPORTUNITY_TEMPLATES (ID,MARKET_ID,SCHEDULED,TIME_FIRST_INVEST,TIME_EST_CLOSING,TIME_LAST_INVEST,ODDS_TYPE_ID,WRITER_ID,OPPORTUNITY_TYPE_ID,IS_ACTIVE,TIME_ZONE,IS_FULL_DAY,IS_HALF_DAY,DEDUCT_WIN_ODDS) values (1372,288,1,'13:00','14:00','13:55',45,30,1,1,'America/New_York',1,0,0);
Insert into OPPORTUNITY_TEMPLATES (ID,MARKET_ID,SCHEDULED,TIME_FIRST_INVEST,TIME_EST_CLOSING,TIME_LAST_INVEST,ODDS_TYPE_ID,WRITER_ID,OPPORTUNITY_TYPE_ID,IS_ACTIVE,TIME_ZONE,IS_FULL_DAY,IS_HALF_DAY,DEDUCT_WIN_ODDS) values (1364,287,1,'12:00','13:00','12:55',43,30,1,1,'Israel',0,1,0);
Insert into OPPORTUNITY_TEMPLATES (ID,MARKET_ID,SCHEDULED,TIME_FIRST_INVEST,TIME_EST_CLOSING,TIME_LAST_INVEST,ODDS_TYPE_ID,WRITER_ID,OPPORTUNITY_TYPE_ID,IS_ACTIVE,TIME_ZONE,IS_FULL_DAY,IS_HALF_DAY,DEDUCT_WIN_ODDS) values (1370,288,1,'11:00','12:00','11:55',45,30,1,1,'America/New_York',1,0,0);
Insert into OPPORTUNITY_TEMPLATES (ID,MARKET_ID,SCHEDULED,TIME_FIRST_INVEST,TIME_EST_CLOSING,TIME_LAST_INVEST,ODDS_TYPE_ID,WRITER_ID,OPPORTUNITY_TYPE_ID,IS_ACTIVE,TIME_ZONE,IS_FULL_DAY,IS_HALF_DAY,DEDUCT_WIN_ODDS) values (1382,289,2,'20:00','01:00','00:55',1,30,1,1,'Israel',1,0,0);
Insert into OPPORTUNITY_TEMPLATES (ID,MARKET_ID,SCHEDULED,TIME_FIRST_INVEST,TIME_EST_CLOSING,TIME_LAST_INVEST,ODDS_TYPE_ID,WRITER_ID,OPPORTUNITY_TYPE_ID,IS_ACTIVE,TIME_ZONE,IS_FULL_DAY,IS_HALF_DAY,DEDUCT_WIN_ODDS) values (894,248,1,'13:30','14:30','14:20',1,7,1,1,'Asia/Riyadh',1,0,0);
Insert into OPPORTUNITY_TEMPLATES (ID,MARKET_ID,SCHEDULED,TIME_FIRST_INVEST,TIME_EST_CLOSING,TIME_LAST_INVEST,ODDS_TYPE_ID,WRITER_ID,OPPORTUNITY_TYPE_ID,IS_ACTIVE,TIME_ZONE,IS_FULL_DAY,IS_HALF_DAY,DEDUCT_WIN_ODDS) values (915,248,3,'11:30','16:00','15:20',1,7,1,1,'Asia/Riyadh',1,0,0);
Insert into OPPORTUNITY_TEMPLATES (ID,MARKET_ID,SCHEDULED,TIME_FIRST_INVEST,TIME_EST_CLOSING,TIME_LAST_INVEST,ODDS_TYPE_ID,WRITER_ID,OPPORTUNITY_TYPE_ID,IS_ACTIVE,TIME_ZONE,IS_FULL_DAY,IS_HALF_DAY,DEDUCT_WIN_ODDS) values (916,248,4,'11:30','16:00','15:20',1,7,1,1,'Asia/Riyadh',1,0,0);
Insert into OPPORTUNITY_TEMPLATES (ID,MARKET_ID,SCHEDULED,TIME_FIRST_INVEST,TIME_EST_CLOSING,TIME_LAST_INVEST,ODDS_TYPE_ID,WRITER_ID,OPPORTUNITY_TYPE_ID,IS_ACTIVE,TIME_ZONE,IS_FULL_DAY,IS_HALF_DAY,DEDUCT_WIN_ODDS) values (919,248,1,'11:30','12:30','12:20',1,7,1,1,'Asia/Riyadh',1,0,0);
Insert into OPPORTUNITY_TEMPLATES (ID,MARKET_ID,SCHEDULED,TIME_FIRST_INVEST,TIME_EST_CLOSING,TIME_LAST_INVEST,ODDS_TYPE_ID,WRITER_ID,OPPORTUNITY_TYPE_ID,IS_ACTIVE,TIME_ZONE,IS_FULL_DAY,IS_HALF_DAY,DEDUCT_WIN_ODDS) values (922,248,2,'11:30','16:00','15:20',1,7,1,1,'Asia/Riyadh',1,0,0);

Insert into ISSUE_SUBJECTS (ID,NAME) values (13,'issuesubject.subject13');
Insert into ISSUE_SUBJECTS (ID,NAME) values (14,'issuesubject.subject14');


--run this lines at the end of the conversion!
/*
--add xor terminal for test
Insert into XOR_TERMINALS (URL,TERMINAL_ID,XOR_SIGN,XOR_USER_NAME,XOR_PASSWORD,ID,TEST_TERMINAL,SKIN_ID) values ('https://pay.sheseq.co.il/ssl/Relay','0962922','xor','anyop','znhrag','14','1',2);

-- add rate data
update investments t
set t.rate=trunc(convert_amount_to_usd(1,1,t.time_created),5)

update transactions t
set t.rate=trunc(convert_amount_to_usd(1,1,t.time_created),5)
*/